{"success":true,"content":{"rawResponseTimestamp":0,"shuffling":false,"followingData":[{"type":"facebook","following":"560444484152510","facebookFeedType":"feed","facebookPageId":"560444484152510","usernameOrHashtag":"","pageName":"HA","maxPosts":"4","dateFetched":1598270317.308}],"postsPerRow":"4","postSize":"postPerRow","feedTitle":"","feedTitleFontColor":"#616161","feedTitleFontFamily":"Pathway Gothic One","feedTitleFontSize":"32px","approval":"off","dateFormat":"american","approvalData":{"Facebook|HA|//facebook.com/560444484152510_1378319582364992|1598191201":true,"Facebook|HA|//facebook.com/560444484152510_1377658475764436|1598173200":true,"Facebook|HA|//facebook.com/560444484152510_1378316105698673|1598104802":true,"Facebook|HA|//facebook.com/560444484152510_1377655949098022|1598086801":true},"shareable":false,"charLimit":300,"showText":false,"refreshRate":"free","layoutStyle":"grid","imageCrop":"square","postSameHeight":false,"columnWidth":"257px","gutter":"1px","showFooter":false,"specialFX":"none","postBackgroundColor":"#fff","postBorderColor":"#eee","postBorderRadius":"0px","postBorderWidth":"0px","backgroundShadow":"none","postFontColor":"#3B3B3B","postFontFamily":"Open Sans","postFontSize":"12px","postAlignment":"center","passwordProtectOn":false,"postFooterFontColor":"#b3b3b3","postFooterFontFamily":"Open Sans","postFooterFontSize":"10px","postFooterBackgroundColor":"#fff","noFeedMessage":"Welcome!\u003cbr\u003eConnect a Feed in the POWr Editor","customCSS":"","customJS":"","introAnimation":"none","linkBehavior":"_blank","showCaption":false,"showLikesComments":false,"hoverOverlayColor":"#354051","hoverCaptionFontColor":"#fff","hoverCaptionFontFamily":"Roboto","hoverCaptionFontSize":"11px","arrowColor":"black","basicInstagramActive":false,"isNewHashesApplied":true},"locale":"fr","current_user":{},"premium_status":"free","active_subscription":false,"unclaimedWatermark":false,"globals":{"CURRENT_USER":{},"ENVIRONMENT":"production","ROLLOUT_FEATURES":null},"meta":{"id":25629871,"unique_label":"673f24e4_1598269003","true_id":25629871,"app_type":"facebookFeed","app_namespace":"socialFeed","app_slug":"social-feed","app_common_name":"Facebook Feed","active":true,"saved":true,"soft_alias":false,"external_data":{},"premium_status":"free","created_at":"2020-08-24T11:36:43.320Z","external_id_type":"magento","ssr_apps":"","styled_screenshot_url":"https://s3.us-west-1.amazonaws.com/www.powrcdn.com/ckksy0evl000q01l2h7iqgtnb-styled.png","valid_screenshot_url":"https://179463132444-ap-northeast-2-chromeless.s3.amazonaws.com/ckksy0evl000q01l2h7iqgtnb.png","user_id":null}}