{"success":true,"content":{"rawResponseTimestamp":1601454601,"shuffling":false,"followingData":[{"type":"youtube","following":"user/hamadiabid91","facebookFeedType":"","facebookPageId":"","usernameOrHashtag":"@","pageName":"https://www.youtube.com/user/hamadiabid91","maxPosts":"1"}],"postsPerRow":1,"postSize":"postPerRow","feedTitle":"","feedTitleFontColor":"rgba(0,0,0,1)","feedTitleFontFamily":"Pathway Gothic One","feedTitleFontSize":"32px","approval":"off","dateFormat":"american","approvalData":{"Youtube|Hamadi Abid|https://www.youtube.com/watch?v=ZeLZLGA5Gvs|1597144830":true},"shareable":false,"charLimit":100,"showText":false,"refreshRate":"free","layoutStyle":"collage","imageCrop":"square","postSameHeight":false,"columnWidth":"260px","gutter":"1px","showFooter":false,"specialFX":"none","postBackgroundColor":"#fff","postBorderColor":"#eee","postBorderRadius":"0px","postBorderWidth":"0px","backgroundShadow":"none","postFontColor":"rgba(66,66,66,1)","postFontFamily":"Raleway","postFontSize":"12px","postAlignment":"center","passwordProtectOn":false,"postFooterFontColor":"#b3b3b3","postFooterFontFamily":"Raleway","postFooterFontSize":"10px","postFooterBackgroundColor":"rgba(245,245,245,1)","noFeedMessage":"No feed connected\u003cbr\u003eConnect a Feed in the POWr Editor","customCSS":"","customJS":"","introAnimation":"none","linkBehavior":"_blank","showCaption":false,"showLikesComments":false,"hoverOverlayColor":"#354051","hoverCaptionFontColor":"#fff","hoverCaptionFontFamily":"Roboto","hoverCaptionFontSize":"11px","arrowColor":"black","basicInstagramActive":false,"isNewHashesApplied":true},"locale":"fr","current_user":{},"premium_status":"free","active_subscription":false,"unclaimedWatermark":false,"globals":{"CURRENT_USER":{},"ENVIRONMENT":"production","ROLLOUT_FEATURES":null},"meta":{"id":26128011,"unique_label":"f76da8f3_1601454579","true_id":26128011,"app_type":"instagramFeed","app_namespace":"socialFeed","app_slug":"social-feed","app_common_name":"Instagram Feed","active":true,"saved":true,"soft_alias":false,"external_data":{},"premium_status":"free","created_at":"2020-09-30T08:29:39.402Z","external_id_type":"magento","ssr_apps":"","styled_screenshot_url":"https://s3.us-west-1.amazonaws.com/www.powrcdn.com/ckktgff28000i01l9owe4tbwh-styled.png","valid_screenshot_url":"https://179463132444-ap-northeast-2-chromeless.s3.amazonaws.com/ckktgff28000i01l9owe4tbwh.png","user_id":null}}