{"success":true,"content":{"rawResponseTimestamp":1647009544452,"shuffling":false,"followingData":[{"type":"instagram","following":"ha.hamadiabid","facebookFeedType":"","facebookPageId":"","instagramUsername":"ha.hamadiabid","connectionType":"basic","usernameOrHashtag":"@","pageName":"ha.hamadiabid","maxPosts":"3"}],"postsPerRow":"3","postSize":"postPerRow","feedTitle":"","feedTitleFontColor":"#616161","feedTitleFontFamily":"Pathway Gothic One","feedTitleFontSize":"32px","approval":"off","dateFormat":"american","approvalData":{},"shareable":false,"charLimit":100,"showText":false,"refreshRate":"free","layoutStyle":"grid","imageCrop":"square","postSameHeight":false,"columnWidth":"439.3333333333333px","gutter":"1px","showFooter":false,"specialFX":"none","postBackgroundColor":"#fff","postBorderColor":"#eee","postBorderRadius":"3px","postBorderWidth":"1px","backgroundShadow":"none","tagManagerContainerId":"","showPreviewDescr":true,"showPreviewPrice":true,"previewBtnTextColor":"#FFFFFF","previewBtnBgColor":"#354051","previewBtnTitle":"Buy Now","previewBorderRoundness":"5px","postFontColor":"rgb(101, 100, 100)","postFontFamily":"Open Sans","postFontSize":"12px","postAlignment":"left","passwordProtectOn":false,"postFooterFontColor":"#b3b3b3","postFooterFontFamily":"Open Sans","postFooterFontSize":"10px","postFooterBackgroundColor":"rgb(244, 244, 244)","noFeedMessage":"Welcome!\u003cbr\u003eConnect a Feed in the POWR Editor","customCSS":"","customJS":"","introAnimation":"none","linkBehavior":"_blank","showCaption":false,"showLikesComments":false,"hoverOverlayColor":"#354051","hoverCaptionFontColor":"#fff","hoverCaptionFontFamily":"Roboto","hoverCaptionFontSize":"11px","arrowColor":"black","feedType":"regular","itemsForPost":{},"products":[],"instagramGraphApi":true},"locale":"fr","current_user":{},"premium_status":"v_250","active_subscription":false,"unclaimedWatermark":false,"globals":{"CURRENT_USER":{},"ENVIRONMENT":"production","ROLLOUT_FEATURES":null},"meta":{"id":31767933,"unique_label":"75ddd476_1646993003","true_id":31767933,"app_type":"socialFeed","app_namespace":"socialFeed","app_slug":"social-feed","app_common_name":"Social Feed","active":true,"saved":true,"soft_alias":false,"external_data":{},"premium_status":"v_250","created_at":"2022-03-11T10:03:23.639Z","external_id_type":"html","ssr_apps":"","styled_screenshot_url":"https://s3.us-west-1.amazonaws.com/www.powrcdn.com/cl0mj5kp8000809jl9giwzze1-styled.png","valid_screenshot_url":"https://179463132444-us-west-2-chromeless.s3.amazonaws.com/cl0mj5kp8000809jl9giwzze1.png","user_id":null}}